1;10;null;green;1;dsfsdfdddddddddddddddddddddd
2;10;null;green;1;dsfsdfdddddddddddddddddddddd
3;10;null;green;1;dsfsdfdddddddddddddddddddddd
4;10;null;green;1;dsfsdfdddddddddddddddddddddd
5;10;null;green;1;dsfsdfdddddddddddddddddddddd
6;10;null;green;1;dsfsdfdddddddddddddddddddddd
7;10;null;green;1;dsfsdfdddddddddddddddddddddd
8;10;null;green;1;dsfsdfdddddddddddddddddddddd
9;10;null;green;1;dsfsdfdddddddddddddddddddddd
10;10;null;green;1;dsfsdfdddddddddddddddddddddd
11;10;null;green;1;dsfsdfdddddddddddddddddddddd
12;10;null;green;1;dsfsdfdddddddddddddddddddddd
13;10;null;green;1;dsfsdfdddddddddddddddddddddd
